{
    "HOW TO USE FORMAT": "To use this format, copy lines 4 - 35 and replace them in the config for lines 11 - 42",

    "EMBED_FORMAT": {
        "COLOR": "#75a9e1",
        "AUTHOR": {
            "TEXT": "{serverName}",
            "IMAGE": "https://cdn.discordapp.com/attachments/714902223930392669/812202211043049533/ChristmasMania.png",
            "URL": "https://rustmania.net/"
        },
        "DESCRIPTION": "**PLAYER BANNED:**\nUser: {username}\nSteam: [{steamID}](https://steamcommunity.com/profiles/{steamID})/\n\n**BAN INFO:** ```{banReason}```\n**Banned:** {banDate}\n**Expires:** {expiresDate}",
        "SMALL_IMAGE": "{playerLogo}",
        "LARGE_IMAGE": "",
        "FOOTER": {
            "IMAGE": "",
            "TEXT": "RustMania - Bans",
            "SET_TIMESTAMP": true
        }
    },
    "STAFF_EMBED_FORMAT": {
        "COLOR": "#75a9e1",
        "AUTHOR": {
            "TEXT": "{serverName}",
            "IMAGE": "https://cdn.discordapp.com/attachments/714902223930392669/812202211043049533/ChristmasMania.png",
            "URL": "https://rustmania.net/"
        },
        "DESCRIPTION": "**PLAYER BANNED:**\nUser: {username}\nSteam: https://steamcommunity.com/profiles/{steamID}/\n\n**BAN INFO:** ```{banReason}```\n**Banned:** {banDate}\n**Expires:** {expiresDate}\n\n**BAN NOTE:** ```{banNote}```",
        "SMALL_IMAGE": "{playerLogo}",
        "LARGE_IMAGE": "",
        "FOOTER": {
            "IMAGE": "",
            "TEXT": "RustMania - Bans",
            "SET_TIMESTAMP": true
        }
    }
}