{
    "HOW TO USE FORMAT": "To use this format, copy lines 4 - 35 and replace them in the config for lines 11 - 42",

    "EMBED_FORMAT": {
        "COLOR": "#75a9e1",
        "AUTHOR": {
            "TEXT": "{username} has been banned from {serverName}!",
            "IMAGE": "{playerLogo}",
            "URL": "https://steamcommunity.com/profiles/{steamID}/"
        },
        "DESCRIPTION": "**PLAYER BANNED:** ```Username: {username}\nSteam ID: {steamID}\nReason: {banReason}```\n**Banned:** {banDate}\n**Expires:** {expiresDate}",
        "SMALL_IMAGE": "{playerLogo}",
        "LARGE_IMAGE": "",
        "FOOTER": {
            "IMAGE": "",
            "TEXT": "RustMania - Bans",
            "SET_TIMESTAMP": true
        }
    },
    "STAFF_EMBED_FORMAT": {
        "COLOR": "#75a9e1",
        "AUTHOR": {
            "TEXT": "{username} has been banned from {serverName}!",
            "IMAGE": "{playerLogo}",
            "URL": "https://steamcommunity.com/profiles/{steamID}/"
        },
        "DESCRIPTION": "**PLAYER BANNED:** ```Username: {username}\nSteam ID: {steamID}\nReason: {banReason}```\n**Banned:** {banDate}\n**Expires:** {expiresDate}\n\n**BAN NOTE:** ```{banNote}```",
        "SMALL_IMAGE": "{playerLogo}",
        "LARGE_IMAGE": "",
        "FOOTER": {
            "IMAGE": "",
            "TEXT": "RustMania - Bans",
            "SET_TIMESTAMP": true
        }
    }
}